<?xml version="1.0"?>
<Runs Version="1" Minor="0">
	<Run Id="sw_top_processing_system7_0_0_synth_1" LaunchDir="D:/work/ebit/hw_pro/hw_pro.runs/sw_top_processing_system7_0_0_synth_1" FlowId="Vivado_Synthesis" FromStepId="vivado" ToStepId="vivado"/>
	<Run Id="synth_2" LaunchDir="D:/work/ebit/hw_pro/hw_pro.runs/synth_2" FlowId="Vivado_Synthesis" FromStepId="vivado" ToStepId="vivado">
		<Parent Id="sw_top_processing_system7_0_0_synth_1"/>
	</Run>
	<Run Id="impl_2" LaunchDir="D:/work/ebit/hw_pro/hw_pro.runs/impl_2" FlowId="Vivado_Implementation" FromStepId="init_design" ToStepId="write_bitstream">
		<Parent Id="synth_2"/>
		<Parent Id="sw_top_processing_system7_0_0_synth_1"/>
	</Run>
</Runs>

