<?xml version="1.0" encoding="UTF-8"?>
<!-- Product Version: Vivado v2018.2 (64-bit)                     -->
<!--                                                              -->
<!-- Copyright 1986-2018 Xilinx, Inc. All Rights Reserved.        -->

<hwsession version="1" minor="2">
  <device name="xc7z010_1" gui_info="dashboard1=hw_ila_1[xc7z010_1/hw_ila_1/Settings=ILA_SETTINGS_1;xc7z010_1/hw_ila_1/Status=ILA_STATUS_1;xc7z010_1/hw_ila_1/Capture Setup=ILA_CAPTURE_1;xc7z010_1/hw_ila_1/Waveform=ILA_WAVE_1;xc7z010_1/hw_ila_1/Trigger Setup=ILA_TRIGGER_1;]"/>
  <ObjectList object_type="hw_device" gui_info="">
    <Object name="xc7z010_1" gui_info="">
      <Properties Property="FULL_PROBES.FILE" value=""/>
      <Properties Property="PROBES.FILE" value=""/>
      <Properties Property="PROGRAM.HW_BITSTREAM" value="$_project_name_.runs/impl_1/top.bit"/>
      <Properties Property="SLR.COUNT" value="1"/>
    </Object>
  </ObjectList>
  <ObjectList object_type="hw_ila" gui_info="">
    <Object name="" gui_info="">
      <Properties Property="CONTROL.TRIGGER_CONDITION" value="AND"/>
      <Properties Property="CORE_REFRESH_RATE_MS" value="500"/>
    </Object>
  </ObjectList>
  <probeset name="hw project" active="false"/>
</hwsession>
