<?xml version="1.0" encoding="UTF-8"?>
<GenRun Id="synth_1" LaunchPart="xc7z010clg400-1" LaunchTime="1553692244">
  <File Type="PA-TCL" Name="EBAZ4205_wrapper.tcl"/>
  <File Type="RDS-PROPCONSTRS" Name="EBAZ4205_wrapper_drc_synth.rpt"/>
  <File Type="REPORTS-TCL" Name="EBAZ4205_wrapper_reports.tcl"/>
  <File Type="RDS-RDS" Name="EBAZ4205_wrapper.vds"/>
  <File Type="RDS-UTIL" Name="EBAZ4205_wrapper_utilization_synth.rpt"/>
  <File Type="RDS-UTIL-PB" Name="EBAZ4205_wrapper_utilization_synth.pb"/>
  <File Type="RDS-DCP" Name="EBAZ4205_wrapper.dcp"/>
  <File Type="VDS-TIMINGSUMMARY" Name="EBAZ4205_wrapper_timing_summary_synth.rpt"/>
  <File Type="VDS-TIMING-PB" Name="EBAZ4205_wrapper_timing_summary_synth.pb"/>
  <FileSet Name="sources" Type="DesignSrcs" RelSrcDir="$PSRCDIR/sources_1">
    <Filter Type="Srcs"/>
    <File Path="$PSRCDIR/sources_1/bd/EBAZ4205/EBAZ4205.bd">
      <FileInfo>
        <Attr Name="UsedIn" Val="synthesis"/>
        <Attr Name="UsedIn" Val="implementation"/>
        <Attr Name="UsedIn" Val="simulation"/>
      </FileInfo>
    </File>
    <File Path="$PSRCDIR/sources_1/bd/EBAZ4205/hdl/EBAZ4205_wrapper.v">
      <FileInfo>
        <Attr Name="UsedIn" Val="synthesis"/>
        <Attr Name="UsedIn" Val="implementation"/>
        <Attr Name="UsedIn" Val="simulation"/>
      </FileInfo>
    </File>
    <Config>
      <Option Name="DesignMode" Val="RTL"/>
      <Option Name="TopModule" Val="EBAZ4205_wrapper"/>
      <Option Name="TopAutoSet" Val="TRUE"/>
    </Config>
  </FileSet>
  <FileSet Name="constrs_in" Type="Constrs" RelSrcDir="$PSRCDIR/constrs_1">
    <Filter Type="Constrs"/>
    <File Path="$PSRCDIR/constrs_1/new/ebaz4205.xdc">
      <FileInfo>
        <Attr Name="UsedIn" Val="synthesis"/>
        <Attr Name="UsedIn" Val="implementation"/>
      </FileInfo>
    </File>
    <Config>
      <Option Name="TargetConstrsFile" Val="$PSRCDIR/constrs_1/new/ebaz4205.xdc"/>
      <Option Name="ConstrsType" Val="XDC"/>
    </Config>
  </FileSet>
  <Strategy Version="1" Minor="2">
    <StratHandle Name="Vivado Synthesis Defaults" Flow="Vivado Synthesis 2017"/>
    <Step Id="synth_design"/>
  </Strategy>
  <BlockFileSet Type="BlockSrcs" Name="EBAZ4205_xlconstant_0_0"/>
  <BlockFileSet Type="BlockSrcs" Name="EBAZ4205_xlconcat_0_0"/>
  <BlockFileSet Type="BlockSrcs" Name="EBAZ4205_xlconcat_0_1"/>
  <BlockFileSet Type="BlockSrcs" Name="EBAZ4205_processing_system7_0_0"/>
</GenRun>
