<?xml version="1.0"?>
<Runs Version="1" Minor="0">
	<Run Id="EBAZ4205_processing_system7_0_0_synth_1" LaunchDir="D:/7020test/EBAZ4205/EBAZ4205.runs/EBAZ4205_processing_system7_0_0_synth_1" FlowId="Vivado_Synthesis" FromStepId="vivado" ToStepId="vivado"/>
	<Run Id="synth_1" LaunchDir="D:/7020test/EBAZ4205/EBAZ4205.runs/synth_1" FlowId="Vivado_Synthesis" FromStepId="vivado" ToStepId="vivado">
		<Parent Id="EBAZ4205_processing_system7_0_0_synth_1"/>
	</Run>
	<Run Id="impl_1" LaunchDir="D:/7020test/EBAZ4205/EBAZ4205.runs/impl_1" FlowId="Vivado_Implementation" FromStepId="init_design" ToStepId="route_design">
		<Parent Id="synth_1"/>
		<Parent Id="EBAZ4205_processing_system7_0_0_synth_1"/>
	</Run>
</Runs>

