<?xml version="1.0" encoding="UTF-8"?>
<GenRun Id="EBAZ4205_xlconcat_0_0_synth_1" LaunchPart="xc7z010clg400-1" LaunchTime="1547635874">
  <File Type="PA-TCL" Name="EBAZ4205_xlconcat_0_0.tcl"/>
  <File Type="REPORTS-TCL" Name="EBAZ4205_xlconcat_0_0_reports.tcl"/>
  <File Type="RDS-RDS" Name="EBAZ4205_xlconcat_0_0.vds"/>
  <File Type="RDS-UTIL" Name="EBAZ4205_xlconcat_0_0_utilization_synth.rpt"/>
  <File Type="RDS-UTIL-PB" Name="EBAZ4205_xlconcat_0_0_utilization_synth.pb"/>
  <File Type="RDS-DCP" Name="EBAZ4205_xlconcat_0_0.dcp"/>
  <FileSet Name="sources" Type="BlockSrcs" RelSrcDir="$PSRCDIR/EBAZ4205_xlconcat_0_0">
    <File Path="$PSRCDIR/sources_1/bd/EBAZ4205/ip/EBAZ4205_xlconcat_0_0/EBAZ4205_xlconcat_0_0.xci">
      <FileInfo>
        <Attr Name="UsedIn" Val="synthesis"/>
        <Attr Name="UsedIn" Val="implementation"/>
        <Attr Name="UsedIn" Val="simulation"/>
      </FileInfo>
    </File>
    <Config>
      <Option Name="TopModule" Val="EBAZ4205_xlconcat_0_0"/>
      <Option Name="UseBlackboxStub" Val="1"/>
    </Config>
  </FileSet>
  <FileSet Name="constrs_in" Type="BlockSrcs" RelSrcDir="$PSRCDIR/EBAZ4205_xlconcat_0_0">
    <File Path="$PSRCDIR/sources_1/bd/EBAZ4205/ip/EBAZ4205_xlconcat_0_0/EBAZ4205_xlconcat_0_0.xci">
      <FileInfo>
        <Attr Name="UsedIn" Val="synthesis"/>
        <Attr Name="UsedIn" Val="implementation"/>
        <Attr Name="UsedIn" Val="simulation"/>
      </FileInfo>
    </File>
    <Config>
      <Option Name="TopModule" Val="EBAZ4205_xlconcat_0_0"/>
      <Option Name="UseBlackboxStub" Val="1"/>
    </Config>
  </FileSet>
  <Strategy Version="1" Minor="2">
    <StratHandle Name="Vivado Synthesis Defaults" Flow="Vivado Synthesis 2017"/>
    <Step Id="synth_design"/>
  </Strategy>
</GenRun>
