<?xml version="1.0" encoding="UTF-8"?>
<GenRun Id="sw_top_synth_1" LaunchPart="xc7z010clg400-1" LaunchTime="1552815366">
  <File Type="PA-TCL" Name="sw_top.tcl"/>
  <File Type="REPORTS-TCL" Name="sw_top_reports.tcl"/>
  <File Type="RDS-RDS" Name="sw_top.vds"/>
  <File Type="RDS-UTIL" Name="sw_top_utilization_synth.rpt"/>
  <File Type="RDS-UTIL-PB" Name="sw_top_utilization_synth.pb"/>
  <File Type="RDS-DCP" Name="sw_top.dcp"/>
  <FileSet Name="sources" Type="BlockSrcs" RelSrcDir="$PSRCDIR/sw_top">
    <File Path="$PSRCDIR/sources_1/bd/sw_top/sw_top.bd">
      <FileInfo>
        <Attr Name="UsedIn" Val="synthesis"/>
        <Attr Name="UsedIn" Val="implementation"/>
        <Attr Name="UsedIn" Val="simulation"/>
      </FileInfo>
    </File>
    <Config>
      <Option Name="TopModule" Val="sw_top"/>
      <Option Name="UseBlackboxStub" Val="1"/>
    </Config>
  </FileSet>
  <FileSet Name="constrs_in" Type="BlockSrcs" RelSrcDir="$PSRCDIR/sw_top">
    <File Path="$PSRCDIR/sources_1/bd/sw_top/sw_top.bd">
      <FileInfo>
        <Attr Name="UsedIn" Val="synthesis"/>
        <Attr Name="UsedIn" Val="implementation"/>
        <Attr Name="UsedIn" Val="simulation"/>
      </FileInfo>
    </File>
    <Config>
      <Option Name="TopModule" Val="sw_top"/>
      <Option Name="UseBlackboxStub" Val="1"/>
    </Config>
  </FileSet>
  <Strategy Version="1" Minor="2">
    <StratHandle Name="Vivado Synthesis Defaults" Flow="Vivado Synthesis 2018"/>
    <Step Id="synth_design"/>
  </Strategy>
</GenRun>
