<?xml version="1.0"?>
<Runs Version="1" Minor="0">
	<Run Id="design_1_pl_example_0_0_synth_1" LaunchDir="C:/Users/whuang/Others/ZYNQ/Project/helloworld_template/helloworld.runs/design_1_pl_example_0_0_synth_1" FlowId="Vivado_Synthesis" FromStepId="vivado" ToStepId="vivado"/>
	<Run Id="synth_1" LaunchDir="C:/Users/whuang/Others/ZYNQ/Project/helloworld_template/helloworld.runs/synth_1" FlowId="Vivado_Synthesis" FromStepId="vivado" ToStepId="vivado">
		<Parent Id="design_1_pl_example_0_0_synth_1"/>
	</Run>
	<Run Id="impl_1" LaunchDir="C:/Users/whuang/Others/ZYNQ/Project/helloworld_template/helloworld.runs/impl_1" FlowId="Vivado_Implementation" FromStepId="init_design" ToStepId="write_bitstream">
		<Parent Id="synth_1"/>
		<Parent Id="design_1_pl_example_0_0_synth_1"/>
	</Run>
</Runs>

